request_id,output_index,run_phase,plan_context_hash,expected_output_id,actual_output_id,output_type,result_table,result_primary_key_canonical,output_hash,request_output_status,formal_contract_hash
0dafc76b293039b4d15b6375213ce768747f02424c0fd6a60a7ee38a5e73b455,0,DIAGNOSTIC,7a69bba177d934af53a5471af1db90f43c89c1f75c44d3911dfe50d32a530978,f34ad9130efd92e2b8a4da7c7163a736a9953a3f219727d8b8e04e14e18ca7b2,f34ad9130efd92e2b8a4da7c7163a736a9953a3f219727d8b8e04e14e18ca7b2,ANALYSIS_RESULT,per_taskset_results.csv,"[""9da1e720f8bec332f4d053ea1a010d69d03fc5337cfc4a564a447308314c9355""]",fa279494c2089215c07f182fd2e4dd37c015b0faa84a679a26b185c1a9ab50f8,MATERIALIZED,
10db4f55ae042ade00beacff2f68e7d5e5d27efab66241f51622bd9f5e4b2d9e,0,DIAGNOSTIC,7a69bba177d934af53a5471af1db90f43c89c1f75c44d3911dfe50d32a530978,a12e6035ef7e59a8bae81f5cfa1e8392d252dcce7f7ee96084abb06df418acce,a12e6035ef7e59a8bae81f5cfa1e8392d252dcce7f7ee96084abb06df418acce,GENERATION_RESULT,generation_requests.csv,"[""ebc5a19f1d78d4b270bdb057f127705f8ff75641aa24c94cc70980d47ad6478e""]",0fe5f57c9d3e7bd0845fe02989fe3eb83a8c30b6935157358a461a148a050665,MATERIALIZED,
12aa39f7c7270b4707993279d5ccd94c6c50b6f3041f30e9f1f00b0e256792d8,0,DIAGNOSTIC,7a69bba177d934af53a5471af1db90f43c89c1f75c44d3911dfe50d32a530978,6978a863c705b3aaaeee2cf72085675229764180e245c3a3da3fcbef8b22e90c,6978a863c705b3aaaeee2cf72085675229764180e245c3a3da3fcbef8b22e90c,ANALYSIS_RESULT,per_taskset_results.csv,"[""f1bfdc6698ccef889025a12b33a0a4b65eff780fcda4acc7076427ec9de6d5c0""]",eeced389a3b8a32b53d5152a53f56707ff2efcecea3a8413d0e6cace322d2cc2,MATERIALIZED,
160db89c42ad22a50572d12223a4ed8e5dd1263fd97068a411822b834d7a7206,0,DIAGNOSTIC,7a69bba177d934af53a5471af1db90f43c89c1f75c44d3911dfe50d32a530978,d86774bc2c7c6a409d9c7decff47adaebd44b2b8ca8b95dc826daf66b3770523,d86774bc2c7c6a409d9c7decff47adaebd44b2b8ca8b95dc826daf66b3770523,ANALYSIS_RESULT,per_taskset_results.csv,"[""370d126b870e85db851f73306e82b2ab571c2b2b08999f9710131bacae2560fa""]",2a1537db4ffa6c617abd5986efcb3a2df77c5277f261d6d92d158c962af352a1,MATERIALIZED,
1d13bff738a940da6d5b603b0d2765ab92612659a5771f06bbf67c41ad207b05,0,DIAGNOSTIC,7a69bba177d934af53a5471af1db90f43c89c1f75c44d3911dfe50d32a530978,96ba9430ae6992f7bcf629ea397c3b950d122a197c6d60e3e46113dc0849c0ec,96ba9430ae6992f7bcf629ea397c3b950d122a197c6d60e3e46113dc0849c0ec,ANALYSIS_RESULT,per_taskset_results.csv,"[""dfdce25be8e5c0f52a055e869f17f96780f193efea87adac7ae7660e41921c82""]",68d6996160747fa011525cc821f25db4e4cb769d03791ef60911c1ae89a5197f,MATERIALIZED,
2be19552ce1e7d1ad98e075a48f05f4ad9add45ccd9042ca5cc687e6be1f371d,0,DIAGNOSTIC,7a69bba177d934af53a5471af1db90f43c89c1f75c44d3911dfe50d32a530978,29dc96e751bf2c55f602f045269ac2dd6fb393f3d13b466cb6c4ef5d3ac7a3c4,29dc96e751bf2c55f602f045269ac2dd6fb393f3d13b466cb6c4ef5d3ac7a3c4,ANALYSIS_RESULT,per_taskset_results.csv,"[""ddfaabe4836e814b6cc57b3e6f71e8a89e9783f10ea7a987cff7554261d08a12""]",d7372970214379c31b8cb2293bac10a5a6cebb9651c9d7ce892c8c9975b649db,MATERIALIZED,
426818925872a474582527f5986b0c63369b193d0eba5eabc68e81f529a9b86d,0,DIAGNOSTIC,7a69bba177d934af53a5471af1db90f43c89c1f75c44d3911dfe50d32a530978,c95d4eb92b22c608cd7abb06de3aae9f84b98bc9a074b4c0de5d93a1831ddf08,c95d4eb92b22c608cd7abb06de3aae9f84b98bc9a074b4c0de5d93a1831ddf08,GENERATION_RESULT,generation_requests.csv,"[""bdce9f82a11e3054a41f799f40c6553e1d822761abde235fb01bdc47f71563ec""]",4b02f672997f8b1b43f9b666bb74ec9499927e25c53071b54643cae6a41ff07a,MATERIALIZED,
491916c5fab3294a88431430d3bd6d3869a6fb803425c1b8871c9b0f210f639a,0,DIAGNOSTIC,7a69bba177d934af53a5471af1db90f43c89c1f75c44d3911dfe50d32a530978,43d04b21dc95be1245933bc4b1f86f9b30595d8be8b3293caec7cb3095d0dffd,43d04b21dc95be1245933bc4b1f86f9b30595d8be8b3293caec7cb3095d0dffd,ANALYSIS_RESULT,per_taskset_results.csv,"[""f441934c1e6fa54d2cba5e362020bcbe4e54ec27745990e277d6dc6ce6396eaf""]",d28fb57f0e1fab01e629e04d21411ff1ee9ec2f96f87c22301ba7e16eb9f3f86,MATERIALIZED,
4b3254371293707c725888262edbb074a6ee03f0b408fdf2486b7b6ac1c6ba8a,0,DIAGNOSTIC,7a69bba177d934af53a5471af1db90f43c89c1f75c44d3911dfe50d32a530978,44f199ad549f8c9bd5787a67195968df9929f682ec7820d40b9f5b31c6d02c75,44f199ad549f8c9bd5787a67195968df9929f682ec7820d40b9f5b31c6d02c75,GENERATION_RESULT,generation_requests.csv,"[""bd1e1eb6c1a805cf877610a9f6d031f82ed6725a4a27b06828019d14824d0c2f""]",5beeaa001884b60d6a300994f86e5c144837c2a701198b5f5a367e9ec3e6a416,MATERIALIZED,
5c37894400cfd786f27b9a4c1ff1d46cde8e3789b7af3d8cd9965d41b7234c9b,0,DIAGNOSTIC,7a69bba177d934af53a5471af1db90f43c89c1f75c44d3911dfe50d32a530978,92154245d3a4a4f8ca7d1656bde853393ca52099611090ccceef271c99d52bff,92154245d3a4a4f8ca7d1656bde853393ca52099611090ccceef271c99d52bff,ANALYSIS_RESULT,per_taskset_results.csv,"[""55b2fac15ef783880dac397d8933230b28f24bb0f18cfe3ca249519bc77ec49a""]",ae77157e9e59cb1db96a53a301dbfce4e44e12a0b55f68a0b778fd5e5f7a9d5c,MATERIALIZED,
a44f2579d367086d02b0abb44f5e9bc14da23057ec20479e608fcfb074961d15,0,DIAGNOSTIC,7a69bba177d934af53a5471af1db90f43c89c1f75c44d3911dfe50d32a530978,a0ac2426565ef29c05f24b1e2c1a6eab9b399eabf41b62660047a2feba091f06,a0ac2426565ef29c05f24b1e2c1a6eab9b399eabf41b62660047a2feba091f06,GENERATION_RESULT,generation_requests.csv,"[""7ed6131254549b30173c24282b5e03d32a39a5b51723544d2005263076cbe11a""]",0f9452034859359070fdb8d69b2fc318c3fd1841a2ef9da0d37fdc5fd62957a7,MATERIALIZED,
c233f9620ce0ef0863beb1831b88769fc3d9807d8178c3a1b5baf87951a0ac91,0,DIAGNOSTIC,7a69bba177d934af53a5471af1db90f43c89c1f75c44d3911dfe50d32a530978,8f734a99aec00d4177b5ed6ed7e1d35a0123638a7104f337f6146049186b3754,8f734a99aec00d4177b5ed6ed7e1d35a0123638a7104f337f6146049186b3754,ANALYSIS_RESULT,per_taskset_results.csv,"[""65befe4ba9b6ed26b8859395c55e3404373d17bb610b57003f5f8c5978b23728""]",65fa1f7c13c317fc66558deba8938b31f22729766afb3baeab962854c942426b,MATERIALIZED,
