request_id,paired_instance_id,cell_id,taskset_id,taskset_hash,trace_hash,simulation_config_hash,input_hash,scheduler_id,status,reason,comparison_eligible,horizon,horizon_censoring,runtime_seconds,attempt_count,missed_jobs,first_miss_time,maximum_observed_response_time,mean_response_time,completed_jobs,preemptions,processor_wait_ticks,energy_blocked_ticks,bypass_count,synchronization_wait_ticks,idle_cores_while_ready_jobs_exist_ticks,harvested_energy_j,consumed_energy_j,battery_minimum_j,battery_maximum_j,retained_trace_path
40559217f99502eb6e77b09e5b748da7fc27987da279eaca9b3cce5bfbba78a3,2c122e31a159fdcbc0fe11cc1a78c7cf09e8133f4468dfb42be3f1d92394269b,ac974257f56490b21564cc53aa30acc3a73b8c922ff21a56ea9ee201d0773adf,v93-aed372e4d0-t00000-a597ec5e488e,a597ec5e488ec56ea18bd59034e3fddaf066dcba617d412d6986f9bb192d0dfb,52be50ccedd8280f69e4eb8cffa326c38acfe12761868f3e787bc2e69ca08124,a8d0ee5ee6ac20596f4d84f487e839d32aead82bf319dc49f8e373b4625b03f1,277b87cab0fa913ed80169cf042fb00f933123fb260fc7719e354f0d78d20982,gpfp_asap_block,SIM_PASS_OBSERVED,minimum_jobs_observed,True,300,False,2.797906091,1,0,UNAVAILABLE,26,9.25,28,0,0,0,0,0,0,11.433399999999999,0.141174,20.0,31.2922,
09a92158fcf0d1391a0e7f4d1237c4cb90f12156b6e9bf33e026b7726908fe29,2c122e31a159fdcbc0fe11cc1a78c7cf09e8133f4468dfb42be3f1d92394269b,ac974257f56490b21564cc53aa30acc3a73b8c922ff21a56ea9ee201d0773adf,v93-aed372e4d0-t00000-a597ec5e488e,a597ec5e488ec56ea18bd59034e3fddaf066dcba617d412d6986f9bb192d0dfb,52be50ccedd8280f69e4eb8cffa326c38acfe12761868f3e787bc2e69ca08124,a8d0ee5ee6ac20596f4d84f487e839d32aead82bf319dc49f8e373b4625b03f1,277b87cab0fa913ed80169cf042fb00f933123fb260fc7719e354f0d78d20982,gpfp_asap_nonblock,SIM_PASS_OBSERVED,minimum_jobs_observed,True,300,False,2.852929344,1,0,UNAVAILABLE,26,9.25,28,0,0,0,0,0,0,11.433399999999999,0.141174,20.0,31.2922,
019e06f9c4a107e8daf5323b39e14835b3a224b37628b7595964d7afbd0f3a98,2c122e31a159fdcbc0fe11cc1a78c7cf09e8133f4468dfb42be3f1d92394269b,ac974257f56490b21564cc53aa30acc3a73b8c922ff21a56ea9ee201d0773adf,v93-aed372e4d0-t00000-a597ec5e488e,a597ec5e488ec56ea18bd59034e3fddaf066dcba617d412d6986f9bb192d0dfb,52be50ccedd8280f69e4eb8cffa326c38acfe12761868f3e787bc2e69ca08124,a8d0ee5ee6ac20596f4d84f487e839d32aead82bf319dc49f8e373b4625b03f1,277b87cab0fa913ed80169cf042fb00f933123fb260fc7719e354f0d78d20982,gpfp_asap_sync,SIM_PASS_OBSERVED,minimum_jobs_observed,True,300,False,2.835107124,1,0,UNAVAILABLE,26,9.25,28,0,0,0,0,0,0,11.433399999999999,0.141174,20.0,31.2922,
686d378d6813d688932dbebd1663ae49aae708d11c751b27548be165ee33b05e,2c122e31a159fdcbc0fe11cc1a78c7cf09e8133f4468dfb42be3f1d92394269b,ac974257f56490b21564cc53aa30acc3a73b8c922ff21a56ea9ee201d0773adf,v93-aed372e4d0-t00000-a597ec5e488e,a597ec5e488ec56ea18bd59034e3fddaf066dcba617d412d6986f9bb192d0dfb,52be50ccedd8280f69e4eb8cffa326c38acfe12761868f3e787bc2e69ca08124,a8d0ee5ee6ac20596f4d84f487e839d32aead82bf319dc49f8e373b4625b03f1,277b87cab0fa913ed80169cf042fb00f933123fb260fc7719e354f0d78d20982,gpfp_alap_block,SIM_PASS_OBSERVED,minimum_jobs_observed,True,300,False,2.825453413,1,0,UNAVAILABLE,169,69.68181818181819,22,0,1320,0,0,0,0,11.2,0.117831,20.0,31.0822,
8b6e90795dd0161c736a204de7245866bbb2cc143e277397376b8a07bf9ef182,2c122e31a159fdcbc0fe11cc1a78c7cf09e8133f4468dfb42be3f1d92394269b,ac974257f56490b21564cc53aa30acc3a73b8c922ff21a56ea9ee201d0773adf,v93-aed372e4d0-t00000-a597ec5e488e,a597ec5e488ec56ea18bd59034e3fddaf066dcba617d412d6986f9bb192d0dfb,52be50ccedd8280f69e4eb8cffa326c38acfe12761868f3e787bc2e69ca08124,a8d0ee5ee6ac20596f4d84f487e839d32aead82bf319dc49f8e373b4625b03f1,277b87cab0fa913ed80169cf042fb00f933123fb260fc7719e354f0d78d20982,gpfp_alap_nonblock,SIM_PASS_OBSERVED,minimum_jobs_observed,True,300,False,2.839143911,1,0,UNAVAILABLE,169,69.68181818181819,22,0,1320,0,0,0,0,11.2,0.117831,20.0,31.0822,
a710a84a97cbc495f7167eb5800644e1325b7346e254d62bf697da1f63687780,2c122e31a159fdcbc0fe11cc1a78c7cf09e8133f4468dfb42be3f1d92394269b,ac974257f56490b21564cc53aa30acc3a73b8c922ff21a56ea9ee201d0773adf,v93-aed372e4d0-t00000-a597ec5e488e,a597ec5e488ec56ea18bd59034e3fddaf066dcba617d412d6986f9bb192d0dfb,52be50ccedd8280f69e4eb8cffa326c38acfe12761868f3e787bc2e69ca08124,a8d0ee5ee6ac20596f4d84f487e839d32aead82bf319dc49f8e373b4625b03f1,277b87cab0fa913ed80169cf042fb00f933123fb260fc7719e354f0d78d20982,gpfp_alap_sync,SIM_PASS_OBSERVED,minimum_jobs_observed,True,300,False,2.850908115,1,0,UNAVAILABLE,169,69.68181818181819,22,0,1320,0,0,0,0,11.2389,0.117831,20.0389,31.1211,
ef781d980c6c1c35633f8c6c9640d2cfd689485a8779a3e4b61b93c6a2ba8b9a,2c122e31a159fdcbc0fe11cc1a78c7cf09e8133f4468dfb42be3f1d92394269b,ac974257f56490b21564cc53aa30acc3a73b8c922ff21a56ea9ee201d0773adf,v93-aed372e4d0-t00000-a597ec5e488e,a597ec5e488ec56ea18bd59034e3fddaf066dcba617d412d6986f9bb192d0dfb,52be50ccedd8280f69e4eb8cffa326c38acfe12761868f3e787bc2e69ca08124,a8d0ee5ee6ac20596f4d84f487e839d32aead82bf319dc49f8e373b4625b03f1,277b87cab0fa913ed80169cf042fb00f933123fb260fc7719e354f0d78d20982,gpfp_st_block,SIM_PASS_OBSERVED,minimum_jobs_observed,True,300,False,1.451925259,1,0,UNAVAILABLE,26,9.25,28,0,0,0,0,0,0,0.0,0.141174,19.8588,20.0,
a8b30825ea16c4ee29e9c4ca43669098c49d3f3c8b90f1fd465f88b033f41374,2c122e31a159fdcbc0fe11cc1a78c7cf09e8133f4468dfb42be3f1d92394269b,ac974257f56490b21564cc53aa30acc3a73b8c922ff21a56ea9ee201d0773adf,v93-aed372e4d0-t00000-a597ec5e488e,a597ec5e488ec56ea18bd59034e3fddaf066dcba617d412d6986f9bb192d0dfb,52be50ccedd8280f69e4eb8cffa326c38acfe12761868f3e787bc2e69ca08124,a8d0ee5ee6ac20596f4d84f487e839d32aead82bf319dc49f8e373b4625b03f1,277b87cab0fa913ed80169cf042fb00f933123fb260fc7719e354f0d78d20982,gpfp_st_nonblock,SIM_PASS_OBSERVED,minimum_jobs_observed,True,300,False,2.839330406,1,0,UNAVAILABLE,26,9.25,28,0,0,0,0,0,0,11.433399999999999,0.141174,20.0,31.2922,
f1f5dadc374fdd6bfee7355b6874b47fc0fe887b5d8db021305aedac52058f0e,2c122e31a159fdcbc0fe11cc1a78c7cf09e8133f4468dfb42be3f1d92394269b,ac974257f56490b21564cc53aa30acc3a73b8c922ff21a56ea9ee201d0773adf,v93-aed372e4d0-t00000-a597ec5e488e,a597ec5e488ec56ea18bd59034e3fddaf066dcba617d412d6986f9bb192d0dfb,52be50ccedd8280f69e4eb8cffa326c38acfe12761868f3e787bc2e69ca08124,a8d0ee5ee6ac20596f4d84f487e839d32aead82bf319dc49f8e373b4625b03f1,277b87cab0fa913ed80169cf042fb00f933123fb260fc7719e354f0d78d20982,gpfp_st_sync,SIM_PASS_OBSERVED,minimum_jobs_observed,True,300,False,2.837619319,1,0,UNAVAILABLE,26,9.25,28,0,0,0,0,0,0,11.433399999999999,0.141174,20.0,31.2922,
