request_id,paired_instance_id,cell_id,taskset_id,taskset_hash,trace_hash,simulation_config_hash,input_hash,scheduler_id,generation_seed,M,initial_battery,battery_capacity,horizon,request_status
40559217f99502eb6e77b09e5b748da7fc27987da279eaca9b3cce5bfbba78a3,2c122e31a159fdcbc0fe11cc1a78c7cf09e8133f4468dfb42be3f1d92394269b,ac974257f56490b21564cc53aa30acc3a73b8c922ff21a56ea9ee201d0773adf,v93-aed372e4d0-t00000-a597ec5e488e,a597ec5e488ec56ea18bd59034e3fddaf066dcba617d412d6986f9bb192d0dfb,52be50ccedd8280f69e4eb8cffa326c38acfe12761868f3e787bc2e69ca08124,a8d0ee5ee6ac20596f4d84f487e839d32aead82bf319dc49f8e373b4625b03f1,277b87cab0fa913ed80169cf042fb00f933123fb260fc7719e354f0d78d20982,gpfp_asap_block,128127937,4,20,100,300,PLANNED
09a92158fcf0d1391a0e7f4d1237c4cb90f12156b6e9bf33e026b7726908fe29,2c122e31a159fdcbc0fe11cc1a78c7cf09e8133f4468dfb42be3f1d92394269b,ac974257f56490b21564cc53aa30acc3a73b8c922ff21a56ea9ee201d0773adf,v93-aed372e4d0-t00000-a597ec5e488e,a597ec5e488ec56ea18bd59034e3fddaf066dcba617d412d6986f9bb192d0dfb,52be50ccedd8280f69e4eb8cffa326c38acfe12761868f3e787bc2e69ca08124,a8d0ee5ee6ac20596f4d84f487e839d32aead82bf319dc49f8e373b4625b03f1,277b87cab0fa913ed80169cf042fb00f933123fb260fc7719e354f0d78d20982,gpfp_asap_nonblock,128127937,4,20,100,300,PLANNED
019e06f9c4a107e8daf5323b39e14835b3a224b37628b7595964d7afbd0f3a98,2c122e31a159fdcbc0fe11cc1a78c7cf09e8133f4468dfb42be3f1d92394269b,ac974257f56490b21564cc53aa30acc3a73b8c922ff21a56ea9ee201d0773adf,v93-aed372e4d0-t00000-a597ec5e488e,a597ec5e488ec56ea18bd59034e3fddaf066dcba617d412d6986f9bb192d0dfb,52be50ccedd8280f69e4eb8cffa326c38acfe12761868f3e787bc2e69ca08124,a8d0ee5ee6ac20596f4d84f487e839d32aead82bf319dc49f8e373b4625b03f1,277b87cab0fa913ed80169cf042fb00f933123fb260fc7719e354f0d78d20982,gpfp_asap_sync,128127937,4,20,100,300,PLANNED
686d378d6813d688932dbebd1663ae49aae708d11c751b27548be165ee33b05e,2c122e31a159fdcbc0fe11cc1a78c7cf09e8133f4468dfb42be3f1d92394269b,ac974257f56490b21564cc53aa30acc3a73b8c922ff21a56ea9ee201d0773adf,v93-aed372e4d0-t00000-a597ec5e488e,a597ec5e488ec56ea18bd59034e3fddaf066dcba617d412d6986f9bb192d0dfb,52be50ccedd8280f69e4eb8cffa326c38acfe12761868f3e787bc2e69ca08124,a8d0ee5ee6ac20596f4d84f487e839d32aead82bf319dc49f8e373b4625b03f1,277b87cab0fa913ed80169cf042fb00f933123fb260fc7719e354f0d78d20982,gpfp_alap_block,128127937,4,20,100,300,PLANNED
8b6e90795dd0161c736a204de7245866bbb2cc143e277397376b8a07bf9ef182,2c122e31a159fdcbc0fe11cc1a78c7cf09e8133f4468dfb42be3f1d92394269b,ac974257f56490b21564cc53aa30acc3a73b8c922ff21a56ea9ee201d0773adf,v93-aed372e4d0-t00000-a597ec5e488e,a597ec5e488ec56ea18bd59034e3fddaf066dcba617d412d6986f9bb192d0dfb,52be50ccedd8280f69e4eb8cffa326c38acfe12761868f3e787bc2e69ca08124,a8d0ee5ee6ac20596f4d84f487e839d32aead82bf319dc49f8e373b4625b03f1,277b87cab0fa913ed80169cf042fb00f933123fb260fc7719e354f0d78d20982,gpfp_alap_nonblock,128127937,4,20,100,300,PLANNED
a710a84a97cbc495f7167eb5800644e1325b7346e254d62bf697da1f63687780,2c122e31a159fdcbc0fe11cc1a78c7cf09e8133f4468dfb42be3f1d92394269b,ac974257f56490b21564cc53aa30acc3a73b8c922ff21a56ea9ee201d0773adf,v93-aed372e4d0-t00000-a597ec5e488e,a597ec5e488ec56ea18bd59034e3fddaf066dcba617d412d6986f9bb192d0dfb,52be50ccedd8280f69e4eb8cffa326c38acfe12761868f3e787bc2e69ca08124,a8d0ee5ee6ac20596f4d84f487e839d32aead82bf319dc49f8e373b4625b03f1,277b87cab0fa913ed80169cf042fb00f933123fb260fc7719e354f0d78d20982,gpfp_alap_sync,128127937,4,20,100,300,PLANNED
ef781d980c6c1c35633f8c6c9640d2cfd689485a8779a3e4b61b93c6a2ba8b9a,2c122e31a159fdcbc0fe11cc1a78c7cf09e8133f4468dfb42be3f1d92394269b,ac974257f56490b21564cc53aa30acc3a73b8c922ff21a56ea9ee201d0773adf,v93-aed372e4d0-t00000-a597ec5e488e,a597ec5e488ec56ea18bd59034e3fddaf066dcba617d412d6986f9bb192d0dfb,52be50ccedd8280f69e4eb8cffa326c38acfe12761868f3e787bc2e69ca08124,a8d0ee5ee6ac20596f4d84f487e839d32aead82bf319dc49f8e373b4625b03f1,277b87cab0fa913ed80169cf042fb00f933123fb260fc7719e354f0d78d20982,gpfp_st_block,128127937,4,20,100,300,PLANNED
a8b30825ea16c4ee29e9c4ca43669098c49d3f3c8b90f1fd465f88b033f41374,2c122e31a159fdcbc0fe11cc1a78c7cf09e8133f4468dfb42be3f1d92394269b,ac974257f56490b21564cc53aa30acc3a73b8c922ff21a56ea9ee201d0773adf,v93-aed372e4d0-t00000-a597ec5e488e,a597ec5e488ec56ea18bd59034e3fddaf066dcba617d412d6986f9bb192d0dfb,52be50ccedd8280f69e4eb8cffa326c38acfe12761868f3e787bc2e69ca08124,a8d0ee5ee6ac20596f4d84f487e839d32aead82bf319dc49f8e373b4625b03f1,277b87cab0fa913ed80169cf042fb00f933123fb260fc7719e354f0d78d20982,gpfp_st_nonblock,128127937,4,20,100,300,PLANNED
f1f5dadc374fdd6bfee7355b6874b47fc0fe887b5d8db021305aedac52058f0e,2c122e31a159fdcbc0fe11cc1a78c7cf09e8133f4468dfb42be3f1d92394269b,ac974257f56490b21564cc53aa30acc3a73b8c922ff21a56ea9ee201d0773adf,v93-aed372e4d0-t00000-a597ec5e488e,a597ec5e488ec56ea18bd59034e3fddaf066dcba617d412d6986f9bb192d0dfb,52be50ccedd8280f69e4eb8cffa326c38acfe12761868f3e787bc2e69ca08124,a8d0ee5ee6ac20596f4d84f487e839d32aead82bf319dc49f8e373b4625b03f1,277b87cab0fa913ed80169cf042fb00f933123fb260fc7719e354f0d78d20982,gpfp_st_sync,128127937,4,20,100,300,PLANNED
a1d52078cf7188aea58fc5319cb0d017a3a42adddd2b28552efdf116f65b0478,6e71239ea328b08c944c86d891e284e32c637609469ceb8308518fa729756bb5,ac974257f56490b21564cc53aa30acc3a73b8c922ff21a56ea9ee201d0773adf,v93-aed372e4d0-t00001-4fb8eaa50fed,4fb8eaa50fed294642e95ddd2af18c53246b9fa5396675388e4c3d970a8d39d0,52be50ccedd8280f69e4eb8cffa326c38acfe12761868f3e787bc2e69ca08124,a8d0ee5ee6ac20596f4d84f487e839d32aead82bf319dc49f8e373b4625b03f1,fd44e53108ec19afe9991f13de6a128b713ebf48e1bdbf181d175baf0abc4875,gpfp_asap_block,1664581534,4,20,100,300,PLANNED
02ab489c4e9d7cbc01a19864a055d0573cf33eaaa5f9a26014a22a57c60d8881,6e71239ea328b08c944c86d891e284e32c637609469ceb8308518fa729756bb5,ac974257f56490b21564cc53aa30acc3a73b8c922ff21a56ea9ee201d0773adf,v93-aed372e4d0-t00001-4fb8eaa50fed,4fb8eaa50fed294642e95ddd2af18c53246b9fa5396675388e4c3d970a8d39d0,52be50ccedd8280f69e4eb8cffa326c38acfe12761868f3e787bc2e69ca08124,a8d0ee5ee6ac20596f4d84f487e839d32aead82bf319dc49f8e373b4625b03f1,fd44e53108ec19afe9991f13de6a128b713ebf48e1bdbf181d175baf0abc4875,gpfp_asap_nonblock,1664581534,4,20,100,300,PLANNED
3ac8327ffc925a163b72e840c0fbef52fa583bbf271f89b3b60a46a7a66a4bf4,6e71239ea328b08c944c86d891e284e32c637609469ceb8308518fa729756bb5,ac974257f56490b21564cc53aa30acc3a73b8c922ff21a56ea9ee201d0773adf,v93-aed372e4d0-t00001-4fb8eaa50fed,4fb8eaa50fed294642e95ddd2af18c53246b9fa5396675388e4c3d970a8d39d0,52be50ccedd8280f69e4eb8cffa326c38acfe12761868f3e787bc2e69ca08124,a8d0ee5ee6ac20596f4d84f487e839d32aead82bf319dc49f8e373b4625b03f1,fd44e53108ec19afe9991f13de6a128b713ebf48e1bdbf181d175baf0abc4875,gpfp_asap_sync,1664581534,4,20,100,300,PLANNED
442416c3fcb75a23891b955123cf037c5eca9f2a77a49c4bdfc48f20f6a4fb6f,6e71239ea328b08c944c86d891e284e32c637609469ceb8308518fa729756bb5,ac974257f56490b21564cc53aa30acc3a73b8c922ff21a56ea9ee201d0773adf,v93-aed372e4d0-t00001-4fb8eaa50fed,4fb8eaa50fed294642e95ddd2af18c53246b9fa5396675388e4c3d970a8d39d0,52be50ccedd8280f69e4eb8cffa326c38acfe12761868f3e787bc2e69ca08124,a8d0ee5ee6ac20596f4d84f487e839d32aead82bf319dc49f8e373b4625b03f1,fd44e53108ec19afe9991f13de6a128b713ebf48e1bdbf181d175baf0abc4875,gpfp_alap_block,1664581534,4,20,100,300,PLANNED
84341659a2c1bc4e230d3fd7bb5feb4430ed957f34a0acb88e94950609eeae0e,6e71239ea328b08c944c86d891e284e32c637609469ceb8308518fa729756bb5,ac974257f56490b21564cc53aa30acc3a73b8c922ff21a56ea9ee201d0773adf,v93-aed372e4d0-t00001-4fb8eaa50fed,4fb8eaa50fed294642e95ddd2af18c53246b9fa5396675388e4c3d970a8d39d0,52be50ccedd8280f69e4eb8cffa326c38acfe12761868f3e787bc2e69ca08124,a8d0ee5ee6ac20596f4d84f487e839d32aead82bf319dc49f8e373b4625b03f1,fd44e53108ec19afe9991f13de6a128b713ebf48e1bdbf181d175baf0abc4875,gpfp_alap_nonblock,1664581534,4,20,100,300,PLANNED
92fcb787ccb3cd53efb301b2b3e03fc3998c7428f72553eeb856e14d2252fd33,6e71239ea328b08c944c86d891e284e32c637609469ceb8308518fa729756bb5,ac974257f56490b21564cc53aa30acc3a73b8c922ff21a56ea9ee201d0773adf,v93-aed372e4d0-t00001-4fb8eaa50fed,4fb8eaa50fed294642e95ddd2af18c53246b9fa5396675388e4c3d970a8d39d0,52be50ccedd8280f69e4eb8cffa326c38acfe12761868f3e787bc2e69ca08124,a8d0ee5ee6ac20596f4d84f487e839d32aead82bf319dc49f8e373b4625b03f1,fd44e53108ec19afe9991f13de6a128b713ebf48e1bdbf181d175baf0abc4875,gpfp_alap_sync,1664581534,4,20,100,300,PLANNED
c326b57860a3db1e338b6d641120631529cebb6b606b26fcb9f4da77915cbe7d,6e71239ea328b08c944c86d891e284e32c637609469ceb8308518fa729756bb5,ac974257f56490b21564cc53aa30acc3a73b8c922ff21a56ea9ee201d0773adf,v93-aed372e4d0-t00001-4fb8eaa50fed,4fb8eaa50fed294642e95ddd2af18c53246b9fa5396675388e4c3d970a8d39d0,52be50ccedd8280f69e4eb8cffa326c38acfe12761868f3e787bc2e69ca08124,a8d0ee5ee6ac20596f4d84f487e839d32aead82bf319dc49f8e373b4625b03f1,fd44e53108ec19afe9991f13de6a128b713ebf48e1bdbf181d175baf0abc4875,gpfp_st_block,1664581534,4,20,100,300,PLANNED
58589aaf0ccd05865f0ceee41171b3cd65b61b0c017f291a833999879a8f9536,6e71239ea328b08c944c86d891e284e32c637609469ceb8308518fa729756bb5,ac974257f56490b21564cc53aa30acc3a73b8c922ff21a56ea9ee201d0773adf,v93-aed372e4d0-t00001-4fb8eaa50fed,4fb8eaa50fed294642e95ddd2af18c53246b9fa5396675388e4c3d970a8d39d0,52be50ccedd8280f69e4eb8cffa326c38acfe12761868f3e787bc2e69ca08124,a8d0ee5ee6ac20596f4d84f487e839d32aead82bf319dc49f8e373b4625b03f1,fd44e53108ec19afe9991f13de6a128b713ebf48e1bdbf181d175baf0abc4875,gpfp_st_nonblock,1664581534,4,20,100,300,PLANNED
ed9d6898b5d2fa5d7e23e90a8b736d5b96bff8e1beaa3f1f17fa1db1cecb0819,6e71239ea328b08c944c86d891e284e32c637609469ceb8308518fa729756bb5,ac974257f56490b21564cc53aa30acc3a73b8c922ff21a56ea9ee201d0773adf,v93-aed372e4d0-t00001-4fb8eaa50fed,4fb8eaa50fed294642e95ddd2af18c53246b9fa5396675388e4c3d970a8d39d0,52be50ccedd8280f69e4eb8cffa326c38acfe12761868f3e787bc2e69ca08124,a8d0ee5ee6ac20596f4d84f487e839d32aead82bf319dc49f8e373b4625b03f1,fd44e53108ec19afe9991f13de6a128b713ebf48e1bdbf181d175baf0abc4875,gpfp_st_sync,1664581534,4,20,100,300,PLANNED
